Categoria,Tipo,Patrimonio,Tasse,Rapporto Growth/Value,Rendimento 2006,Rendimento a 3 Anni,Rendimento a 5 Anni,Rischio
Large Cap,Growth,1706.8,Si,1.31,18.5,16.0,15.9,Basso
Large Cap,Growth,1169.7,No,1.33,18.6,16.1,15.8,Basso
Large Cap,Growth,579.7,No,1.87,0.6,3.5,10.5,Alto
Large Cap,Growth,904.8,Si,1.51,4.6,10.7,8.1,Medio
Large Cap,Growth,675.9,Si,1.28,8.5,11.9,7.3,Medio
Large Cap,Growth,607.5,No,1.18,1.4,9.7,6.1,Basso
Large Cap,Growth,2303.4,Si,1.22,8.4,9.5,7.8,Basso
Large Cap,Growth,2403.8,Si,1.21,6.9,9.3,7.3,Basso
Large Cap,Growth,223.3,Si,1.47,13.0,11.2,8.6,Alto
Large Cap,Growth,8957.1,No,0.75,9.4,8.8,6.1,Alto
Large Cap,Growth,909.7,No,0.80,13.1,10.4,6.3,Medio
Large Cap,Growth,64.4,No,0.15,14.7,12.1,8.1,Basso
Large Cap,Growth,85.5,Si,1.58,-0.9,7.5,8.1,Alto
Large Cap,Growth,52.2,No,1.50,11.6,10.3,6.4,Medio
Large Cap,Growth,8411.5,Si,0.63,10.9,12.4,8.0,Medio
Large Cap,Growth,44.3,Si,1.30,10.3,10.7,8.0,Basso
Large Cap,Growth,1740.4,No,1.18,10.2,14.1,8.3,Basso
Large Cap,Growth,282.3,No,1.22,7.1,10.2,8.0,Medio
Large Cap,Growth,454.4,No,0.92,9.1,13.2,7.9,Basso
Large Cap,Growth,9870.7,No,0.86,12.3,15.0,7.7,Medio
Large Cap,Growth,56.0,No,1.58,15.5,12.6,8.9,Alto
Large Cap,Growth,4835.5,No,1.24,8.6,7.8,10.0,Basso
Large Cap,Growth,2692.0,No,1.26,6.6,9.2,7.4,Basso
Large Cap,Growth,424.8,No,1.13,12.3,11.0,6.2,Medio
Large Cap,Growth,198.4,Si,1.37,10.8,11.4,7.6,Alto
Large Cap,Growth,221.8,No,2.42,6.9,8.4,6.7,Basso
Large Cap,Growth,15422.9,No,0.72,14.0,10.2,6.2,Medio
Large Cap,Growth,497.9,Si,1.36,8.6,12.0,7.3,Medio
Large Cap,Growth,547.3,No,1.09,7.5,12.8,7.2,Medio
Large Cap,Growth,103.7,No,0.59,9.4,11.3,6.3,Alto
Large Cap,Growth,5527.1,No,0.41,11.2,10.2,6.5,Medio
Large Cap,Growth,22592.9,No,0.46,12.3,13.0,8.4,Medio
Large Cap,Growth,240.8,No,1.42,4.4,10.3,6.6,Medio
Large Cap,Growth,2403.4,No,0.93,8.0,10.1,4.3,Medio
Large Cap,Growth,196.8,Si,1.62,5.8,6.2,6.7,Basso
Large Cap,Growth,233.3,Si,1.33,6.5,9.4,5.4,Medio
Large Cap,Growth,71.2,No,0.15,15.4,6.6,5.0,Medio
Large Cap,Growth,68.0,No,1.04,12.4,8.0,5.0,Alto
Large Cap,Growth,226.7,Si,1.25,11.7,9.3,5.1,Basso
Large Cap,Growth,817.4,No,1.35,7.2,6.3,5.4,Alto
Large Cap,Growth,506.9,No,1.15,11.2,9.3,4.5,Medio
Large Cap,Growth,4360.3,No,0.92,16.3,8.5,5.0,Basso
Large Cap,Growth,221.6,No,1.12,13.2,8.9,4.7,Medio
Large Cap,Growth,434.9,Si,1.19,14.2,12.3,7.1,Medio
Large Cap,Growth,7834.2,No,0.56,13.7,9.6,5.5,Medio
Large Cap,Growth,505.3,Si,1.27,12.4,8.2,4.6,Basso
Large Cap,Growth,152.1,Si,1.34,12.4,9.6,4.6,Medio
Large Cap,Growth,479.3,No,0.87,12.4,10.2,5.3,Alto
Large Cap,Growth,30110.2,No,0.94,9.6,11.7,5.6,Alto
Large Cap,Growth,173.0,No,0.94,5.7,10.8,4.1,Alto
Large Cap,Growth,815.4,No,0.73,13.0,8.9,4.5,Medio
Large Cap,Growth,85.7,No,0.45,13.2,9.6,4.0,Medio
Large Cap,Growth,166.1,Si,1.41,3.3,7.8,5.3,Medio
Large Cap,Growth,47.2,No,0.74,8.1,10.8,5.7,Medio
Large Cap,Growth,6955.2,No,0.87,7.8,10.7,5.8,Medio
Large Cap,Growth,3928.9,No,0.92,8.7,8.7,3.8,Alto
Large Cap,Growth,1790.7,No,0.85,14.0,6.0,4.3,Basso
Large Cap,Growth,135.4,No,1.25,14.6,8.2,5.8,Medio
Large Cap,Growth,142.0,No,1.18,9.2,9.7,5.6,Medio
Large Cap,Growth,601.8,No,1.00,9.7,7.9,3.8,Medio
Large Cap,Growth,2425.8,Si,0.89,10.3,9.7,6.5,Medio
Large Cap,Growth,70.3,No,1.00,3.2,9.4,5.2,Alto
Large Cap,Growth,52.6,No,1.04,9.2,9.3,4.1,Medio
Large Cap,Growth,8752.9,No,0.85,9.7,8.3,4.5,Medio
Large Cap,Growth,793.8,Si,1.17,-3.9,9.4,5.4,Medio
Large Cap,Growth,460.3,No,0.25,13.1,8.4,4.7,Medio
Large Cap,Growth,1665.0,Si,1.19,2.7,7.7,5.3,Medio
Large Cap,Growth,71.0,Si,1.32,6.7,9.5,8.5,Medio
Large Cap,Growth,1027.1,No,1.47,7.7,9.7,5.1,Alto
Large Cap,Growth,46.2,No,1.00,6.5,9.2,4.9,Medio
Large Cap,Growth,209.0,No,0.90,12.6,10.1,4.2,Alto
Large Cap,Growth,105.4,No,1.88,6.6,9.8,5.3,Medio
Large Cap,Growth,52.3,No,1.38,5.7,6.0,1.7,Medio
Large Cap,Growth,178.1,No,1.62,6.6,8.1,3.2,Medio
Large Cap,Growth,989.8,Si,1.47,8.1,6.0,3.7,Medio
Large Cap,Growth,224.4,No,2.12,4.2,6.5,1.5,Alto
Large Cap,Growth,975.8,Si,1.53,-2.0,7.9,3.9,Alto
Large Cap,Growth,421.5,No,1.92,14.0,9.1,2.5,Alto
Large Cap,Growth,353.5,No,0.72,7.3,8.2,3.0,Medio
Large Cap,Growth,3960.2,No,1.00,7.9,7.5,2.7,Medio
Large Cap,Growth,13308.4,No,0.99,-3.3,3.0,1.1,Medio
Large Cap,Growth,730.5,No,1.32,-1.6,3.4,1.7,Alto
Large Cap,Growth,434.5,No,1.10,3.3,3.2,1.5,Medio
Large Cap,Growth,1260.8,No,0.75,8.4,6.1,1.7,Medio
Large Cap,Growth,95.5,No,1.28,4.1,7.4,2.0,Alto
Large Cap,Growth,41.5,Si,1.59,-5.5,3.2,3.1,Alto
Large Cap,Growth,861.8,No,1.91,3.0,5.5,1.0,Medio
Large Cap,Growth,115.9,Si,1.35,3.7,6.6,3.6,Medio
Large Cap,Growth,61.0,No,1.09,13.4,7.1,2.8,Alto
Large Cap,Growth,51.0,No,1.04,10.5,6.7,3.5,Alto
Large Cap,Growth,52.4,Si,0.75,11.4,7.3,3.8,Medio
Large Cap,Growth,198.5,Si,1.03,15.4,9.7,4.0,Medio
Large Cap,Growth,1219.3,No,0.86,10.3,7.7,2.3,Alto
Large Cap,Growth,181.5,No,1.13,9.7,6.7,3.6,Medio
Large Cap,Growth,2046.5,No,0.77,4.6,7.9,3.4,Alto
Large Cap,Growth,591.2,No,0.85,2.6,6.5,1.2,Alto
Large Cap,Growth,67.0,No,0.76,1.6,5.1,1.1,Alto
Large Cap,Growth,164.7,No,1.30,5.9,8.3,3.4,Alto
Large Cap,Growth,798.6,No,1.22,3.5,5.7,2.5,Medio
Large Cap,Growth,322.9,No,1.37,13.1,8.2,3.4,Alto
Large Cap,Growth,94.2,Si,1.38,16.4,7.7,4.1,Basso
Large Cap,Growth,334.0,No,1.04,9.0,6.1,1.2,Alto
Large Cap,Growth,896.9,No,0.85,8.3,8.0,2.4,Medio
Large Cap,Growth,261.4,No,1.11,7.2,6.6,1.3,Medio
Large Cap,Growth,356.4,Si,1.14,7.4,6.2,3.1,Alto
Large Cap,Growth,678.2,No,1.10,7.9,11.5,1.5,Alto
Large Cap,Growth,142.0,Si,0.94,9.1,8.8,4.2,Medio
Large Cap,Growth,2289.2,Si,1.20,4.9,6.8,4.1,Alto
Large Cap,Growth,20574.1,No,0.61,5.5,5.3,1.7,Medio
Large Cap,Growth,785.4,No,0.96,4.4,6.8,2.5,Medio
Large Cap,Growth,454.4,Si,1.46,13.8,7.9,3.0,Medio
Large Cap,Growth,901.4,Si,0.95,8.4,5.3,2.4,Alto
Large Cap,Growth,184.8,Si,0.99,6.3,7.0,3.0,Alto
Large Cap,Growth,1370.5,Si,1.39,8.2,8.4,2.2,Medio
Large Cap,Growth,458.9,Si,1.00,7.8,7.8,3.6,Medio
Large Cap,Growth,7992.9,No,0.88,2.3,8.5,2.9,Alto
Large Cap,Growth,395.5,Si,1.19,11.4,9.7,4.8,Alto
Large Cap,Growth,128.8,No,0.97,2.9,4.3,1.4,Alto
Large Cap,Growth,7221.2,No,0.20,8.9,6.7,2.5,Medio
Large Cap,Growth,266.9,No,0.25,9.2,6.9,2.8,Alto
Large Cap,Growth,4295.1,No,0.18,10.8,6.8,3.1,Medio
Large Cap,Growth,11495.8,No,0.87,10.6,6.4,2.8,Alto
Large Cap,Growth,166.3,No,1.16,10.1,6.1,2.7,Medio
Large Cap,Growth,1525.7,Si,1.04,1.5,8.0,2.4,Alto
Large Cap,Growth,684.3,No,0.66,11.4,6.7,3.3,Alto
Large Cap,Growth,52.1,No,2.35,7.8,6.3,1.2,Alto
Large Cap,Growth,1258.7,Si,1.28,1.4,4.0,2.8,Medio
Large Cap,Growth,2460.5,Si,1.17,4.3,3.2,2.7,Alto
Large Cap,Growth,224.1,Si,1.10,-3.5,7.2,4.6,Alto
Large Cap,Growth,59.7,No,1.35,5.2,5.1,3.1,Medio
Large Cap,Growth,265.4,No,0.93,4.7,8.9,2.5,Alto
Large Cap,Growth,202.8,Si,1.40,6.5,9.9,2.5,Medio
Large Cap,Growth,232.3,No,1.27,9.0,7.6,2.4,Medio
Large Cap,Growth,702.9,Si,1.21,14.4,9.3,2.9,Alto
Large Cap,Growth,523.4,Si,1.34,9.4,8.7,2.0,Medio
Large Cap,Growth,2152.4,Si,1.27,7.5,9.7,2.4,Alto
Large Cap,Growth,1364.7,Si,1.01,0.0,7.3,2.7,Medio
Large Cap,Growth,1016.0,No,0.65,4.1,9.1,3.5,Alto
Large Cap,Growth,18780.9,No,0.20,7.1,5.9,2.2,Alto
Large Cap,Growth,196.4,No,1.00,8.0,5.4,1.4,Medio
Large Cap,Growth,95.3,No,1.31,5.3,6.1,2.1,Alto
Large Cap,Growth,123.1,No,1.41,7.7,6.8,2.1,Alto
Large Cap,Growth,5444.1,Si,1.07,7.5,6.2,2.7,Alto
Large Cap,Growth,158.4,No,1.13,10.3,8.2,2.6,Medio
Large Cap,Growth,547.9,Si,1.54,10.8,8.2,3.5,Alto
Large Cap,Growth,94.4,No,1.18,2.6,5.7,3.3,Medio
Large Cap,Growth,387.9,Si,1.23,6.6,5.5,3.8,Medio
Large Cap,Growth,2423.8,Si,1.14,10.9,9.3,3.6,Medio
Large Cap,Growth,801.8,Si,0.91,16.9,8.7,4.0,Medio
Large Cap,Growth,134.7,No,1.18,10.1,8.1,1.9,Medio
Large Cap,Growth,717.9,No,1.20,6.3,5.7,1.2,Alto
Large Cap,Growth,380.7,Si,1.34,12.0,7.7,3.9,Medio
Large Cap,Growth,124.2,Si,1.75,8.4,5.9,2.7,Medio
Large Cap,Growth,81.3,Si,0.80,8.4,5.5,2.1,Medio
Large Cap,Growth,107.2,No,1.00,9.5,10.6,3.5,Medio
Large Cap,Growth,99.4,Si,1.18,14.1,8.0,3.5,Medio
Large Cap,Growth,718.3,Si,1.52,-0.3,2.5,2.9,Alto
Large Cap,Growth,822.5,No,0.91,7.2,7.5,3.7,Alto
Large Cap,Growth,63.3,No,1.03,6.8,4.3,2.6,Medio
Large Cap,Growth,2715.0,No,0.90,-5.1,3.6,3.1,Alto
Large Cap,Growth,526.0,No,0.45,5.4,5.6,1.1,Alto
Large Cap,Growth,380.3,No,1.35,-6.5,6.8,3.7,Alto
Large Cap,Growth,1073.9,No,0.95,9.5,7.9,2.4,Medio
Large Cap,Growth,1172.1,No,0.99,5.3,8.5,3.0,Medio
Large Cap,Growth,233.3,No,1.45,-1.0,6.9,2.0,Medio
Large Cap,Growth,909.3,No,1.00,-0.5,7.1,0.9,Alto
Large Cap,Growth,131.3,No,0.80,6.4,5.7,1.7,Alto
Large Cap,Growth,199.9,No,1.13,4.0,8.8,2.0,Alto
Large Cap,Growth,299.5,No,1.16,11.3,10.1,2.4,Alto
Large Cap,Growth,193.1,Si,1.24,5.8,9.1,2.8,Alto
Large Cap,Growth,1412.9,Si,0.96,3.6,8.6,3.0,Alto
Large Cap,Growth,105.2,No,2.45,4.6,6.0,1.5,Alto
Large Cap,Growth,774.6,No,0.88,6.1,6.5,2.9,Alto
Large Cap,Growth,6741.7,No,0.22,9.0,7.1,3.4,Medio
Large Cap,Growth,2779.7,No,0.94,10.2,6.1,3.1,Alto
Large Cap,Growth,40.5,Si,1.25,4.7,9.6,4.6,Alto
Large Cap,Growth,410.8,No,1.19,3.9,6.8,1.6,Alto
Large Cap,Growth,382.9,No,1.38,5.0,6.7,3.7,Medio
Large Cap,Growth,428.6,No,0.97,7.8,5.6,0.3,Alto
Large Cap,Growth,1154.5,Si,1.54,-9.0,7.0,0.3,Alto
Large Cap,Growth,2590.2,No,1.00,-1.8,2.1,0.5,Medio
Large Cap,Growth,729.1,Si,1.59,7.5,5.4,0.9,Medio
Large Cap,Growth,256.7,No,1.52,-2.0,4.1,0.6,Alto
Large Cap,Growth,185.6,No,1.17,2.7,5.1,-0.1,Alto
Large Cap,Growth,95.5,Si,1.45,1.8,3.9,-0.2,Alto
Large Cap,Growth,3012.5,Si,1.29,6.3,4.7,1.0,Alto
Large Cap,Growth,112.7,Si,1.33,4.7,3.1,-0.7,Alto
Large Cap,Growth,45.3,Si,1.80,8.9,6.1,1.3,Medio
Large Cap,Growth,134.3,Si,1.44,7.8,5.0,0.8,Alto
Large Cap,Growth,85.8,Si,1.44,4.0,6.7,0.7,Alto
Large Cap,Growth,208.1,Si,1.24,5.9,5.8,1.4,Medio
Large Cap,Growth,90.5,Si,2.00,-2.4,0.3,-1.0,Alto
Large Cap,Growth,152.9,Si,1.05,14.1,4.0,0.7,Medio
Large Cap,Growth,121.0,Si,1.49,4.6,5.1,-0.8,Alto
Large Cap,Growth,701.7,Si,1.27,3.3,4.8,0.0,Alto
Large Cap,Growth,67.4,No,1.22,5.0,4.7,-0.1,Alto
Large Cap,Growth,3950.2,Si,0.96,7.5,7.0,1.5,Alto
Large Cap,Growth,65.9,Si,1.20,7.3,5.9,1.0,Alto
Large Cap,Growth,48.2,No,0.77,7.9,5.5,-0.2,Alto
Large Cap,Growth,348.4,Si,0.95,5.9,5.8,1.4,Alto
Large Cap,Growth,423.9,Si,1.27,6.2,4.6,0.5,Alto
Large Cap,Growth,40.0,No,2.27,8.9,3.7,-0.9,Medio
Large Cap,Growth,133.2,No,1.46,7.5,6.2,0.6,Alto
Large Cap,Growth,121.4,Si,1.42,4.5,8.7,1.5,Alto
Large Cap,Growth,1020.7,Si,1.16,4.6,6.1,0.7,Alto
Large Cap,Growth,138.6,No,1.14,6.1,3.9,-1.1,Alto
Large Cap,Growth,482.9,Si,1.37,1.1,3.1,0.1,Alto
Large Cap,Growth,171.1,Si,1.62,2.6,2.3,-1.1,Alto
Large Cap,Growth,386.3,Si,1.40,8.9,6.1,-0.4,Alto
Large Cap,Growth,255.3,No,1.38,5.3,5.6,-6.1,Alto
Large Cap,Growth,225.7,No,1.39,-8.0,-11.7,-17.6,Alto
Large Cap,Growth,367.2,Si,1.26,9.6,6.0,1.6,Alto
Large Cap,Growth,5694.8,Si,1.04,5.2,5.2,1.3,Alto
Large Cap,Growth,43.8,Si,1.25,9.6,6.0,1.8,Medio
Large Cap,Growth,349.9,No,1.65,5.3,5.4,-5.9,Alto
Large Cap,Growth,343.3,No,1.66,-8.0,-11.9,-16.6,Alto
Large Cap,Growth,105.4,No,1.39,-1.1,-4.0,-5.4,Alto
Large Cap,Growth,374.2,Si,1.38,9.3,6.9,0.5,Alto
Large Cap,Growth,118.6,No,2.90,8.6,4.3,-0.9,Alto
Large Cap,Growth,206.4,No,0.21,8.6,5.5,0.7,Alto
Large Cap,Growth,49.3,Si,1.55,5.9,4.1,0.1,Alto
Large Cap,Growth,65.6,Si,1.60,4.8,5.5,-0.1,Alto
Large Cap,Growth,123.4,Si,1.05,6.9,6.0,0.8,Alto
Large Cap,Growth,45.8,Si,1.64,0.1,5.8,1.2,Medio
Large Cap,Growth,1091.2,Si,1.10,6.5,5.8,1.0,Alto
Large Cap,Growth,2785.9,Si,1.09,2.6,5.8,0.2,Alto
Large Cap,Growth,4644.9,No,0.58,1.8,6.6,-0.4,Alto
Large Cap,Growth,1448.4,No,0.95,2.2,3.7,0.3,Alto
Large Cap,Growth,47.6,Si,1.88,10.8,6.4,1.9,Medio
Large Cap,Growth,527.6,No,1.14,-0.1,-2.8,-3.4,Alto
Large Cap,Growth,138.2,Si,1.41,4.2,6.1,0.8,Alto
Large Cap,Value,90.0,No,1.53,12.3,16.1,13.9,Medio
Large Cap,Value,149.0,No,1.20,18.8,14.1,9.4,Basso
Large Cap,Value,620.8,No,0.97,21.0,14.7,10.3,Basso
Large Cap,Value,388.3,No,0.83,21.7,13.5,10.5,Basso
Large Cap,Value,1964.1,Si,1.10,22.1,15.7,12.9,Basso
Large Cap,Value,111.4,No,1.49,21.2,18.0,12.2,Basso
Large Cap,Value,2829.9,No,0.86,18.7,15.7,12.0,Basso
Large Cap,Value,475.0,No,1.10,19.7,12.4,9.4,Basso
Large Cap,Value,1417.7,No,0.84,19.8,12.6,9.7,Basso
Large Cap,Value,2543.7,No,0.99,18.5,12.5,9.9,Basso
Large Cap,Value,359.7,Si,1.07,19.0,15.4,11.3,Basso
Large Cap,Value,1690.5,Si,1.23,15.8,16.8,13.2,Basso
Large Cap,Value,362.2,No,0.80,15.7,11.2,9.4,Basso
Large Cap,Value,1342.7,No,1.18,16.6,12.8,10.2,Medio
Large Cap,Value,331.6,Si,1.27,15.1,17.4,11.1,Medio
Large Cap,Value,84842.6,No,0.52,18.5,15.6,12.8,Basso
Large Cap,Value,7365.6,No,1.05,14.9,14.7,11.3,Medio
Large Cap,Value,1269.2,No,0.84,17.1,15.3,9.9,Basso
Large Cap,Value,262.0,No,1.00,16.7,14.4,10.8,Basso
Large Cap,Value,31686.7,Si,0.60,19.2,14.9,10.6,Basso
Large Cap,Value,48.8,No,0.48,14.2,14.0,10.0,Basso
Large Cap,Value,3033.8,Si,1.22,13.4,13.6,14.0,Basso
Large Cap,Value,394.0,No,0.50,20.0,15.8,11.5,Basso
Large Cap,Value,8581.2,No,0.20,22.0,14.9,10.7,Basso
Large Cap,Value,663.9,No,0.25,22.0,14.9,10.9,Basso
Large Cap,Value,5768.7,Si,1.32,16.5,13.2,13.1,Basso
Large Cap,Value,143.9,No,1.07,20.4,14.4,9.6,Basso
Large Cap,Value,85.3,Si,1.10,19.9,13.3,11.1,Basso
Large Cap,Value,93.9,No,0.85,24.7,17.4,11.2,Basso
Large Cap,Value,1470.0,No,0.80,20.6,15.8,10.5,Basso
Large Cap,Value,3856.7,No,0.84,21.0,14.8,11.8,Basso
Large Cap,Value,11261.9,No,0.76,18.4,14.2,10.9,Basso
Large Cap,Value,2268.3,No,0.82,13.2,16.8,10.2,Alto
Large Cap,Value,1356.9,Si,1.15,16.6,14.7,13.9,Basso
Large Cap,Value,5836.8,Si,1.10,19.7,17.0,13.2,Medio
Large Cap,Value,263.1,No,1.07,18.1,13.7,9.8,Basso
Large Cap,Value,153.8,No,0.96,19.4,14.4,9.2,Basso
Large Cap,Value,2843.6,No,0.98,16.6,12.8,9.9,Medio
Large Cap,Value,126.5,Si,1.63,19.3,12.9,10.8,Basso
Large Cap,Value,20716.0,No,0.71,19.1,12.6,9.3,Basso
Large Cap,Value,5052.3,No,0.90,19.8,13.7,9.8,Medio
Large Cap,Value,1276.3,No,1.16,18.2,12.6,11.2,Basso
Large Cap,Value,84.6,Si,1.55,18.4,15.4,10.6,Medio
Large Cap,Value,101.6,No,1.19,14.9,14.9,12.1,Basso
Large Cap,Value,1173.0,No,0.86,19.0,14.2,9.5,Basso
Large Cap,Value,399.8,No,1.15,16.6,14.4,9.3,Basso
Large Cap,Value,202.1,Si,1.38,15.1,13.0,10.5,Medio
Large Cap,Value,4256.9,No,0.21,22.1,14.7,9.5,Medio
Large Cap,Value,30898.0,No,0.35,18.2,14.4,10.1,Basso
Large Cap,Value,1426.6,No,0.89,18.7,13.0,10.3,Basso
Large Cap,Value,72.2,No,1.49,18.5,13.5,9.2,Basso
Large Cap,Value,1559.2,Si,0.90,17.7,15.2,11.5,Basso
Large Cap,Value,128.8,No,0.85,16.4,12.3,7.3,Medio
Large Cap,Value,652.7,Si,1.11,20.6,11.1,7.7,Alto
Large Cap,Value,16308.1,Si,0.58,16.2,10.5,7.9,Basso
Large Cap,Value,679.8,No,1.30,20.8,11.1,7.7,Medio
Large Cap,Value,109.4,No,1.35,11.8,9.0,8.9,Basso
Large Cap,Value,117.6,Si,1.48,15.6,13.2,9.2,Basso
Large Cap,Value,47.3,No,1.11,19.7,12.8,8.7,Basso
Large Cap,Value,50.3,Si,1.14,21.2,13.5,7.7,Basso
Large Cap,Value,841.1,No,1.59,21.4,10.9,8.1,Medio
Large Cap,Value,114.7,No,0.74,15.6,10.7,7.3,Basso
Large Cap,Value,103.4,Si,1.47,14.6,10.8,8.1,Medio
Large Cap,Value,3381.6,No,1.11,15.3,6.8,6.5,Basso
Large Cap,Value,496.7,No,0.80,20.1,13.7,7.3,Basso
Large Cap,Value,1280.2,Si,0.96,17.7,13.3,9.0,Medio
Large Cap,Value,122.7,No,1.18,20.4,13.3,7.7,Basso
Large Cap,Value,1683.3,No,0.76,20.9,13.3,8.2,Medio
Large Cap,Value,84.6,No,1.09,19.7,12.7,7.1,Basso
Large Cap,Value,310.6,Si,1.16,19.1,13.0,8.7,Basso
Large Cap,Value,24418.9,Si,0.87,15.1,12.7,9.4,Basso
Large Cap,Value,1246.9,Si,1.15,23.4,11.8,7.6,Basso
Large Cap,Value,270.4,Si,1.01,23.6,13.8,9.3,Basso
Large Cap,Value,1197.3,No,0.81,20.0,12.8,8.8,Basso
Large Cap,Value,274.9,Si,1.20,19.8,15.0,9.8,Medio
Large Cap,Value,125.6,Si,1.23,20.0,13.6,8.9,Basso
Large Cap,Value,57.5,No,2.27,20.1,10.9,7.2,Medio
Large Cap,Value,5895.1,Si,1.12,17.4,12.8,9.0,Medio
Large Cap,Value,260.8,Si,1.20,14.8,11.0,8.5,Medio
Large Cap,Value,3205.3,Si,1.04,18.8,15.3,9.7,Basso
Large Cap,Value,549.3,Si,1.21,19.0,14.9,9.5,Basso
Large Cap,Value,671.1,No,0.88,20.5,14.9,8.8,Medio
Large Cap,Value,426.2,Si,1.21,16.6,10.0,8.6,Basso
Large Cap,Value,29886.2,No,0.67,19.8,12.1,8.7,Medio
Large Cap,Value,11645.6,No,0.62,13.7,9.3,8.0,Medio
Large Cap,Value,245.7,No,0.58,19.5,11.7,7.9,Basso
Large Cap,Value,69.8,No,0.86,12.0,12.3,8.3,Alto
Large Cap,Value,1138.1,No,0.95,19.8,11.2,7.4,Basso
Large Cap,Value,116.3,Si,1.21,18.3,12.7,7.3,Medio
Large Cap,Value,110.1,No,1.20,19.0,12.4,8.0,Basso
Large Cap,Value,362.3,Si,1.40,19.8,13.3,7.5,Basso
Large Cap,Value,187.4,Si,1.29,16.0,10.9,7.7,Basso
Large Cap,Value,1887.2,Si,1.00,17.4,9.8,10.0,Basso
Large Cap,Value,806.0,Si,1.23,18.4,14.2,10.3,Basso
Large Cap,Value,594.6,Si,0.89,17.8,15.2,9.9,Basso
Large Cap,Value,587.1,No,0.70,16.1,12.0,7.3,Basso
Large Cap,Value,89.1,No,2.43,11.8,8.9,6.4,Medio
Large Cap,Value,2705.1,Si,1.18,19.6,12.2,8.8,Basso
Large Cap,Value,260.3,No,1.20,20.1,11.0,8.1,Basso
Large Cap,Value,112.0,No,2.28,21.8,7.6,6.9,Basso
Large Cap,Value,66.4,Si,1.35,19.4,12.8,7.7,Basso
Large Cap,Value,149.3,Si,1.17,18.9,15.4,9.8,Basso
Large Cap,Value,73977.8,Si,0.55,15.9,10.8,8.0,Basso
Large Cap,Value,4362.4,No,0.18,20.6,13.8,8.9,Medio
Large Cap,Value,69.1,Si,1.53,16.2,11.3,8.1,Basso
Large Cap,Value,109.9,Si,1.60,19.7,12.3,8.5,Medio
Large Cap,Value,1540.8,Si,0.93,11.7,12.9,7.8,Medio
Large Cap,Value,965.3,Si,1.04,19.2,17.0,9.9,Medio
Large Cap,Value,135.0,Si,1.19,20.6,12.4,7.3,Basso
Large Cap,Value,561.0,Si,1.26,18.5,11.9,7.8,Basso
Large Cap,Value,925.7,No,0.83,20.4,13.0,7.7,Medio
Large Cap,Value,90.2,No,1.95,18.0,11.3,6.0,Alto
Large Cap,Value,791.2,No,1.86,10.0,10.7,7.5,Medio
Large Cap,Value,579.9,No,0.58,16.0,11.7,7.6,Medio
Large Cap,Value,16140.6,Si,0.82,17.6,11.0,7.8,Medio
Large Cap,Value,123.0,No,0.94,16.8,11.0,6.8,Medio
Large Cap,Value,980.1,No,0.80,20.2,14.1,7.6,Basso
Large Cap,Value,79.6,No,1.15,18.1,12.4,6.6,Medio
Large Cap,Value,347.0,No,1.23,18.4,11.4,7.5,Basso
Large Cap,Value,192.1,No,0.99,16.3,6.8,6.9,Alto
Large Cap,Value,444.1,No,0.81,15.8,12.3,7.1,Basso
Large Cap,Value,100.0,No,0.77,19.5,10.7,6.6,Basso
Large Cap,Value,5523.2,Si,1.18,20.7,13.8,9.7,Basso
Large Cap,Value,203.5,No,0.68,16.7,13.8,7.9,Medio
Large Cap,Value,314.7,No,0.65,17.1,13.1,8.6,Medio
Large Cap,Value,176.0,No,1.75,15.6,11.6,6.5,Medio
Large Cap,Value,1212.4,No,1.10,19.3,11.0,8.7,Basso
Large Cap,Value,5865.6,No,1.05,18.3,9.3,6.9,Basso
Large Cap,Value,367.3,Si,1.34,13.6,13.1,9.7,Medio
Large Cap,Value,680.9,Si,1.24,16.0,11.5,7.4,Basso
Large Cap,Value,1324.2,Si,0.99,15.8,12.4,10.3,Basso
Large Cap,Value,79.2,No,0.80,21.9,10.1,6.8,Medio
Large Cap,Value,69.1,Si,1.90,15.3,11.4,7.1,Basso
Large Cap,Value,86.0,No,1.52,8.2,12.1,8.8,Basso
Large Cap,Value,53.1,Si,1.15,13.7,6.8,8.2,Basso
Large Cap,Value,107.7,Si,1.28,22.3,15.8,9.0,Basso
Large Cap,Value,863.9,Si,1.06,23.3,14.9,9.2,Basso
Large Cap,Value,3887.6,Si,0.94,15.5,11.1,7.4,Basso
Large Cap,Value,2733.7,Si,0.98,19.3,12.2,9.3,Basso
Large Cap,Value,1403.0,Si,1.13,15.9,12.3,9.6,Medio
Large Cap,Value,1041.8,Si,1.16,20.3,15.6,8.6,Medio
Large Cap,Value,797.4,Si,1.26,14.4,11.5,8.1,Basso
Large Cap,Value,221.3,Si,1.26,17.7,10.6,7.5,Medio
Large Cap,Value,53.5,Si,1.18,18.9,13.7,7.5,Medio
Large Cap,Value,107.4,No,1.24,18.2,12.3,7.3,Basso
Large Cap,Value,7330.5,No,0.90,15.2,12.3,9.0,Basso
Large Cap,Value,3630.5,No,1.00,8.3,6.9,6.9,Basso
Large Cap,Value,72.0,No,1.90,16.0,12.5,7.5,Basso
Large Cap,Value,62.6,Si,1.16,22.1,13.1,8.5,Basso
Large Cap,Value,151.7,No,0.21,20.8,13.0,8.3,Basso
Large Cap,Value,90.2,No,0.97,22.9,14.6,9.1,Medio
Large Cap,Value,88.7,No,1.60,13.1,7.6,6.5,Medio
Large Cap,Value,490.4,Si,1.65,17.3,10.6,7.2,Medio
Large Cap,Value,855.2,No,0.75,16.4,10.4,6.6,Basso
Large Cap,Value,293.5,No,1.05,15.3,10.7,7.7,Basso
Large Cap,Value,89.7,No,0.77,15.4,11.7,9.2,Medio
Large Cap,Value,175.1,Si,1.06,17.3,12.0,9.4,Basso
Large Cap,Value,60.4,No,1.10,18.1,13.9,10.2,Medio
Large Cap,Value,663.8,No,0.97,14.3,12.2,9.0,Basso
Large Cap,Value,110.8,Si,1.10,18.1,13.9,10.2,Basso
Large Cap,Value,2318.3,No,0.83,19.0,12.1,7.5,Basso
Large Cap,Value,13405.8,Si,0.80,16.1,12.4,8.4,Basso
Large Cap,Value,7709.6,Si,0.80,16.0,13.2,9.6,Basso
Large Cap,Value,1183.8,No,0.37,19.6,11.4,6.6,Basso
Large Cap,Value,3212.4,No,0.32,20.6,12.7,8.6,Basso
Large Cap,Value,1489.9,No,0.39,14.1,11.3,8.8,Basso
Large Cap,Value,14421.4,No,0.37,19.3,12.4,8.6,Basso
Large Cap,Value,465.0,Si,1.34,16.6,11.5,7.8,Basso
Large Cap,Value,67794.7,Si,0.57,18.0,10.3,7.6,Basso
Large Cap,Value,202.6,No,1.37,17.8,13.5,7.9,Basso
Large Cap,Value,504.5,No,0.85,18.7,11.7,7.2,Basso
Large Cap,Value,43.4,No,1.32,18.9,11.3,8.4,Basso
Large Cap,Value,66.0,No,1.11,12.2,10.8,6.4,Medio
Large Cap,Value,3283.9,Si,1.19,13.2,9.8,6.4,Medio
Large Cap,Value,126.7,Si,1.35,13.6,9.6,5.9,Medio
Large Cap,Value,133.6,Si,1.27,15.3,8.3,6.6,Medio
Large Cap,Value,2409.8,Si,1.06,16.9,10.7,5.6,Medio
Large Cap,Value,609.9,No,0.79,17.9,6.5,4.2,Basso
Large Cap,Value,551.4,Si,1.15,21.0,12.3,6.6,Medio
Large Cap,Value,1521.9,Si,1.16,16.6,10.2,6.2,Medio
Large Cap,Value,16952.7,No,0.59,14.7,7.9,4.3,Medio
Large Cap,Value,751.7,Si,0.93,16.4,9.9,7.1,Basso
Large Cap,Value,81.0,Si,1.39,21.0,12.6,7.0,Basso
Large Cap,Value,54.3,Si,1.27,20.6,11.9,5.5,Basso
Large Cap,Value,329.1,Si,1.09,15.8,10.6,6.3,Medio
Large Cap,Value,3793.5,Si,0.96,14.6,9.1,6.1,Basso
Large Cap,Value,2442.7,Si,1.11,16.9,9.3,5.9,Alto
Large Cap,Value,361.4,Si,0.88,17.9,11.3,5.7,Medio
Large Cap,Value,517.2,Si,1.21,18.3,11.4,6.6,Medio
Large Cap,Value,115.7,Si,1.00,20.2,12.3,6.9,Medio
Large Cap,Value,483.3,Si,1.29,14.1,10.1,6.9,Medio
Large Cap,Value,2966.0,Si,0.85,11.2,8.2,5.6,Basso
Large Cap,Value,473.6,Si,1.28,19.8,13.5,7.1,Basso
Large Cap,Value,165.8,No,1.25,14.2,6.7,4.0,Medio
Large Cap,Value,47.9,Si,1.80,16.6,10.2,5.7,Medio
Large Cap,Value,617.0,Si,1.15,13.7,9.4,5.5,Medio
Large Cap,Value,12078.7,Si,0.89,15.8,10.6,6.8,Medio
Large Cap,Value,250.9,Si,1.25,9.9,10.1,6.1,Medio
Large Cap,Value,1129.7,Si,1.16,23.2,14.6,6.6,Basso
Large Cap,Value,44.7,No,1.52,18.6,11.1,5.2,Alto
Large Cap,Value,67.4,Si,1.49,20.8,13.4,7.1,Medio
Large Cap,Value,136.4,Si,1.61,12.9,12.9,6.3,Medio
Large Cap,Value,94.3,Si,1.15,17.6,9.5,6.7,Basso
Large Cap,Value,114.3,No,2.59,17.7,10.1,5.7,Medio
Large Cap,Value,1670.8,No,0.76,14.4,9.2,4.9,Medio
Large Cap,Value,534.9,No,1.36,11.6,7.7,5.6,Basso
Large Cap,Value,1485.7,No,1.01,9.6,9.0,5.7,Medio
Large Cap,Value,225.3,Si,1.26,17.1,12.6,7.1,Medio
Large Cap,Value,40.5,No,1.29,15.5,11.7,2.1,Alto
Large Cap,Value,66.2,No,1.36,11.9,10.9,3.6,Alto
Large Cap,Value,48.7,Si,1.16,10.3,8.1,4.9,Basso
Large Cap,Value,1258.4,Si,1.29,14.0,7.3,3.7,Medio
Large Cap,Value,463.3,Si,1.25,20.2,13.3,2.2,Alto
Large Cap,Value,810.6,Si,1.19,14.7,7.3,3.7,Basso
Large Cap,Value,93.2,Si,1.34,12.1,7.7,4.0,Basso
Large Cap,Value,246.3,No,1.23,22.4,10.0,3.7,Medio
Large Cap,Value,1949.2,Si,1.14,12.8,10.3,4.3,Medio
Large Cap,Value,581.0,Si,0.89,11.8,7.9,4.7,Medio
Large Cap,Value,341.4,No,0.99,14.4,6.8,0.5,Alto
Mid Cap,Growth,4707.6,No,2.08,13.4,11.3,14.3,Alto
Mid Cap,Growth,1091.8,No,1.00,17.0,15.3,9.4,Medio
Mid Cap,Growth,3366.0,No,1.33,14.6,17.9,10.8,Medio
Mid Cap,Growth,375.2,No,1.02,5.7,11.9,9.4,Medio
Mid Cap,Growth,136.3,Si,1.30,10.5,13.7,10.5,Basso
Mid Cap,Growth,911.6,Si,1.26,19.3,16.0,13.3,Basso
Mid Cap,Growth,148.6,No,1.39,23.8,18.3,11.3,Medio
Mid Cap,Growth,4506.7,No,1.95,14.6,13.2,10.6,Medio
Mid Cap,Growth,1267.5,No,0.98,9.7,14.5,11.2,Medio
Mid Cap,Growth,99.2,No,1.46,9.2,14.2,11.7,Medio
Mid Cap,Growth,1088.1,No,0.63,10.1,16.7,9.4,Alto
Mid Cap,Growth,1330.5,Si,1.29,11.6,15.3,12.2,Medio
Mid Cap,Growth,14843.1,No,0.80,6.8,13.2,9.6,Medio
Mid Cap,Growth,104.5,No,1.30,4.0,6.7,9.6,Medio
Mid Cap,Growth,248.3,No,0.50,15.3,14.4,11.9,Medio
Mid Cap,Growth,5393.9,No,0.51,16.8,15.4,10.6,Alto
Mid Cap,Growth,106.9,No,0.32,15.2,14.3,11.7,Medio
Mid Cap,Growth,1150.0,Si,1.36,16.2,13.7,9.3,Medio
Mid Cap,Growth,671.3,Si,1.23,1.4,8.8,7.6,Alto
Mid Cap,Growth,1040.6,No,1.00,17.2,15.3,7.7,Alto
Mid Cap,Growth,344.2,Si,1.10,3.9,11.5,7.6,Medio
Mid Cap,Growth,2036.3,No,1.00,9.1,11.2,9.2,Medio
Mid Cap,Growth,5586.2,No,1.18,9.6,11.1,6.5,Alto
Mid Cap,Growth,128.7,No,0.89,3.8,11.8,8.5,Alto
Mid Cap,Growth,200.6,No,1.18,9.0,11.8,8.4,Medio
Mid Cap,Growth,1450.2,No,0.96,11.9,11.8,6.6,Alto
Mid Cap,Growth,96.2,No,1.28,12.7,11.9,7.1,Alto
Mid Cap,Growth,122.0,Si,1.26,20.9,12.7,7.5,Alto
Mid Cap,Growth,143.2,No,1.26,6.6,8.7,8.6,Alto
Mid Cap,Growth,503.5,Si,1.19,8.7,12.2,7.7,Alto
Mid Cap,Growth,445.7,No,0.95,7.9,12.5,6.8,Alto
Mid Cap,Growth,12852.7,No,0.69,14.8,13.3,7.0,Alto
Mid Cap,Growth,2456.9,No,0.90,13.5,9.2,7.5,Alto
Mid Cap,Growth,458.7,No,1.44,9.4,12.9,9.0,Medio
Mid Cap,Growth,49.5,No,1.10,4.4,11.3,8.8,Medio
Mid Cap,Growth,117.5,No,0.95,12.8,13.6,7.3,Alto
Mid Cap,Growth,139.5,Si,1.34,8.3,8.8,8.1,Alto
Mid Cap,Growth,1573.0,No,0.25,10.4,12.5,8.0,Alto
Mid Cap,Growth,1762.1,No,0.25,5.7,10.9,7.5,Medio
Mid Cap,Growth,93.1,No,1.15,13.0,15.0,8.1,Medio
Mid Cap,Growth,256.7,No,0.92,13.3,15.2,8.2,Medio
Mid Cap,Growth,1800.6,No,0.95,13.2,15.0,8.2,Medio
Mid Cap,Growth,356.8,Si,1.21,9.5,15.3,7.8,Alto
Mid Cap,Growth,723.7,No,0.99,11.3,11.7,7.1,Medio
Mid Cap,Growth,49.4,Si,1.35,14.3,13.9,7.5,Alto
Mid Cap,Growth,434.9,Si,1.22,14.1,10.7,7.3,Medio
Mid Cap,Growth,126.1,Si,1.50,7.4,14.6,9.3,Alto
Mid Cap,Growth,158.6,Si,1.40,7.8,7.4,7.8,Alto
Mid Cap,Growth,270.9,Si,1.04,10.1,16.5,9.9,Alto
Mid Cap,Growth,144.5,No,1.34,5.0,10.5,6.4,Alto
Mid Cap,Growth,384.8,No,1.04,14.6,14.7,6.3,Alto
Mid Cap,Growth,548.1,No,0.70,8.3,8.7,6.4,Medio
Mid Cap,Growth,186.3,Si,1.40,3.7,12.3,8.5,Medio
Mid Cap,Growth,353.1,Si,1.26,6.2,10.9,8.8,Alto
Mid Cap,Growth,277.4,Si,1.34,9.4,10.4,8.0,Alto
Mid Cap,Growth,195.1,No,1.15,9.6,13.9,6.0,Alto
Mid Cap,Growth,66.5,No,2.40,3.2,10.2,8.3,Alto
Mid Cap,Growth,678.7,Si,1.50,14.3,11.3,8.9,Alto
Mid Cap,Growth,135.0,No,1.31,4.2,11.4,6.6,Alto
Mid Cap,Growth,427.5,No,1.13,8.6,7.6,6.6,Alto
Mid Cap,Growth,959.5,Si,1.32,9.0,15.8,8.2,Medio
Mid Cap,Growth,827.7,No,0.39,12.7,11.1,6.9,Alto
Mid Cap,Growth,199.0,No,1.65,11.8,11.6,6.5,Alto
Mid Cap,Growth,107.6,Si,1.40,13.9,13.5,7.6,Alto
Mid Cap,Growth,191.0,No,1.09,12.2,9.7,6.9,Alto
Mid Cap,Growth,215.2,No,1.00,-2.2,7.2,5.5,Alto
Mid Cap,Growth,1591.2,No,1.06,16.5,12.9,5.9,Alto
Mid Cap,Growth,47.4,Si,1.40,12.0,9.9,6.6,Medio
Mid Cap,Growth,331.0,Si,1.36,9.7,10.6,6.5,Alto
Mid Cap,Growth,424.7,No,1.97,13.4,10.4,5.0,Alto
Mid Cap,Growth,74.1,No,0.75,7.3,10.6,5.1,Alto
Mid Cap,Growth,31.5,No,0.85,3.9,7.2,5.6,Medio
Mid Cap,Growth,171.3,No,1.90,7.5,9.3,4.1,Alto
Mid Cap,Growth,230.5,No,1.39,1.7,7.3,4.6,Alto
Mid Cap,Growth,562.3,Si,1.44,5.0,9.0,6.2,Alto
Mid Cap,Growth,531.3,Si,1.09,13.1,8.2,6.9,Alto
Mid Cap,Growth,5771.8,Si,0.96,7.5,10.3,5.4,Alto
Mid Cap,Growth,2043.4,Si,0.93,5.8,8.3,6.0,Alto
Mid Cap,Growth,114.8,Si,1.39,7.5,9.4,5.4,Alto
Mid Cap,Growth,102.5,Si,1.62,8.4,13.0,6.9,Medio
Mid Cap,Growth,486.8,Si,1.14,10.8,12.5,6.9,Alto
Mid Cap,Growth,201.5,No,1.00,6.3,7.6,5.3,Alto
Mid Cap,Growth,1823.4,Si,0.99,5.6,12.1,5.4,Alto
Mid Cap,Growth,46.1,Si,1.19,2.8,9.3,6.8,Medio
Mid Cap,Growth,149.8,Si,1.25,4.5,6.6,5.3,Alto
Mid Cap,Growth,79.1,Si,1.55,12.8,12.0,6.2,Alto
Mid Cap,Growth,42.9,Si,1.35,0.0,6.3,5.5,Alto
Mid Cap,Growth,1154.4,No,1.18,6.7,9.9,5.9,Alto
Mid Cap,Growth,1282.3,Si,1.44,8.9,13.2,7.0,Basso
Mid Cap,Growth,266.9,Si,1.58,6.0,10.4,5.0,Alto
Mid Cap,Growth,938.8,Si,1.47,6.1,8.7,4.4,Alto
Mid Cap,Growth,101.4,Si,1.74,8.9,7.9,4.9,Alto
Mid Cap,Growth,614.8,Si,1.55,7.3,7.6,4.5,Alto
Mid Cap,Growth,184.3,No,1.30,9.0,8.3,2.0,Alto
Mid Cap,Growth,137.0,Si,1.48,7.2,17.0,4.0,Alto
Mid Cap,Growth,99.4,Si,1.86,13.3,12.9,4.0,Alto
Mid Cap,Growth,562.3,No,1.35,7.4,8.7,2.4,Alto
Mid Cap,Growth,688.7,Si,1.35,2.5,10.8,4.1,Alto
Mid Cap,Growth,128.8,Si,1.52,-0.2,5.8,2.3,Alto
Mid Cap,Growth,481.6,Si,0.90,9.8,6.8,3.6,Alto
Mid Cap,Growth,43.6,Si,1.25,6.2,5.5,4.5,Medio
Mid Cap,Growth,514.4,Si,1.33,13.3,9.6,3.6,Alto
Mid Cap,Growth,1092.8,Si,1.09,-0.2,6.3,4.9,Alto
Mid Cap,Growth,311.8,Si,1.52,5.4,8.3,2.7,Alto
Mid Cap,Growth,45.7,No,2.97,4.7,7.7,2.8,Alto
Mid Cap,Growth,484.1,Si,1.37,4.8,10.2,4.2,Alto
Mid Cap,Growth,104.9,Si,1.69,6.1,4.7,1.3,Alto
Mid Cap,Growth,3860.7,No,0.70,8.9,9.1,0.4,Alto
Mid Cap,Growth,476.7,Si,1.29,2.2,6.3,-2.8,Alto
Mid Cap,Growth,54.7,Si,1.85,8.8,15.4,1.7,Alto
Mid Cap,Growth,93.4,No,1.15,-4.3,3.5,-1.8,Alto
Mid Cap,Value,734.9,Si,1.17,16.7,19.1,26.0,Alto
Mid Cap,Value,1974.8,Si,1.39,16.4,18.9,23.1,Basso
Mid Cap,Value,283.7,No,1.63,10.1,12.3,13.3,Alto
Mid Cap,Value,2717.5,No,1.22,14.2,18.5,17.0,Basso
Mid Cap,Value,463.2,No,1.12,6.3,16.3,14.1,Alto
Mid Cap,Value,1361.0,No,1.08,16.0,16.2,13.1,Basso
Mid Cap,Value,17832.0,No,0.72,15.1,16.8,14.2,Basso
Mid Cap,Value,743.1,No,0.98,15.0,16.8,14.2,Basso
Mid Cap,Value,3857.4,Si,1.17,15.6,17.7,14.5,Basso
Mid Cap,Value,78.4,No,1.09,18.3,17.6,14.1,Basso
Mid Cap,Value,3214.5,No,1.01,16.6,17.4,17.9,Medio
Mid Cap,Value,2936.2,No,0.25,19.9,18.5,15.7,Basso
Mid Cap,Value,2562.5,No,0.25,14.3,14.8,13.6,Medio
Mid Cap,Value,3409.4,Si,1.25,16.7,15.2,15.4,Basso
Mid Cap,Value,2905.8,Si,0.67,21.9,16.9,13.9,Basso
Mid Cap,Value,113.5,No,1.11,11.6,15.3,13.0,Basso
Mid Cap,Value,2510.8,Si,1.23,18.0,19.1,17.2,Medio
Mid Cap,Value,340.5,Si,1.25,26.3,17.9,15.2,Basso
Mid Cap,Value,87.3,No,1.09,17.2,17.4,13.9,Basso
Mid Cap,Value,6369.8,No,0.82,20.2,16.0,15.0,Basso
Mid Cap,Value,4548.6,No,0.51,19.1,16.6,14.1,Basso
Mid Cap,Value,816.0,No,1.34,18.3,15.6,13.9,Basso
Mid Cap,Value,531.5,Si,1.15,13.6,13.4,13.7,Medio
Mid Cap,Value,133.0,No,1.53,15.7,12.5,10.6,Basso
Mid Cap,Value,177.3,No,0.89,19.9,16.9,12.4,Basso
Mid Cap,Value,548.6,Si,1.25,19.5,17.5,11.8,Medio
Mid Cap,Value,1152.9,Si,1.08,16.7,17.4,13.9,Basso
Mid Cap,Value,653.8,Si,1.15,17.6,13.0,11.9,Medio
Mid Cap,Value,257.3,No,1.13,19.5,12.9,11.9,Medio
Mid Cap,Value,614.2,No,0.81,14.5,16.6,12.9,Basso
Mid Cap,Value,310.4,Si,1.38,17.0,14.0,12.8,Medio
Mid Cap,Value,629.0,No,0.76,17.8,14.5,10.8,Basso
Mid Cap,Value,112.5,No,1.31,16.0,10.7,10.4,Basso
Mid Cap,Value,5381.7,No,0.92,15.3,14.8,12.8,Basso
Mid Cap,Value,575.7,No,0.99,17.2,14.1,11.5,Basso
Mid Cap,Value,73.6,No,1.23,14.6,15.7,11.2,Basso
Mid Cap,Value,10883.0,No,0.91,21.6,10.5,10.8,Basso
Mid Cap,Value,6937.5,No,1.07,12.4,14.7,11.2,Medio
Mid Cap,Value,623.9,No,1.19,13.9,12.5,11.3,Basso
Mid Cap,Value,1784.2,No,1.09,18.7,12.0,10.4,Medio
Mid Cap,Value,539.1,No,0.99,11.2,13.6,11.7,Medio
Mid Cap,Value,229.1,No,1.15,20.9,15.8,9.6,Medio
Mid Cap,Value,1952.6,Si,1.10,12.3,13.7,12.1,Basso
Mid Cap,Value,641.8,Si,1.22,15.0,14.3,10.8,Medio
Mid Cap,Value,102.5,Si,1.65,8.0,12.5,12.4,Alto
Mid Cap,Value,52.2,Si,1.17,13.2,15.3,12.5,Medio
Mid Cap,Value,99.3,No,2.40,9.8,13.6,11.9,Basso
Mid Cap,Value,412.1,No,1.34,17.1,14.1,12.6,Medio
Mid Cap,Value,503.5,Si,1.29,20.3,15.5,11.7,Medio
Mid Cap,Value,282.4,No,1.36,14.6,14.6,12.5,Basso
Mid Cap,Value,443.8,Si,1.30,17.1,17.9,13.9,Medio
Mid Cap,Value,86.4,No,1.25,12.2,16.2,12.0,Medio
Mid Cap,Value,112.6,Si,1.51,8.5,11.7,9.4,Medio
Mid Cap,Value,864.7,Si,1.25,12.0,7.6,7.9,Alto
Mid Cap,Value,2742.7,Si,1.16,10.9,8.9,8.7,Medio
Mid Cap,Value,122.6,Si,1.26,13.1,14.5,8.6,Alto
Mid Cap,Value,1229.3,No,1.18,10.4,11.9,8.0,Alto
Mid Cap,Value,828.4,Si,1.32,15.6,10.6,9.8,Alto
Mid Cap,Value,49.4,No,1.45,15.6,11.9,8.6,Medio
Mid Cap,Value,175.1,Si,1.35,14.9,12.0,9.4,Medio
Mid Cap,Value,294.8,No,1.32,13.3,12.5,9.0,Medio
Mid Cap,Value,803.2,No,0.92,12.9,9.9,7.6,Alto
Mid Cap,Value,284.4,No,0.88,15.2,11.1,4.9,Alto
Small Cap,Growth,131.0,No,1.09,21.5,15.6,24.8,Alto
Small Cap,Growth,982.9,No,1.50,28.5,19.8,20.8,Basso
Small Cap,Growth,492.9,No,1.29,13.7,15.1,20.2,Medio
Small Cap,Growth,155.5,No,1.35,15.1,14.3,14.4,Alto
Small Cap,Growth,12210.9,No,0.74,14.5,16.3,14.7,Medio
Small Cap,Growth,163.0,Si,2.28,17.6,16.1,16.2,Alto
Small Cap,Growth,1261.5,No,1.23,10.4,13.0,14.9,Alto
Small Cap,Growth,121.9,No,1.18,14.8,13.8,15.0,Alto
Small Cap,Growth,56.9,No,1.70,1.7,6.4,15.1,Alto
Small Cap,Growth,622.2,No,2.14,17.0,13.6,13.5,Alto
Small Cap,Growth,717.3,No,1.49,14.1,13.7,14.5,Alto
Small Cap,Growth,236.1,Si,1.62,19.0,16.9,10.6,Alto
Small Cap,Growth,5316.0,No,1.31,15.5,15.6,12.3,Medio
Small Cap,Growth,429.0,No,1.52,4.5,6.2,10.5,Alto
Small Cap,Growth,45.1,No,1.10,15.7,13.1,9.4,Alto
Small Cap,Growth,174.3,No,0.99,15.3,13.2,9.9,Alto
Small Cap,Growth,73.7,No,1.60,-2.3,9.4,12.8,Alto
Small Cap,Growth,1215.3,No,1.01,8.3,13.8,12.1,Medio
Small Cap,Growth,238.1,No,1.25,5.2,10.3,11.9,Alto
Small Cap,Growth,1261.5,No,0.25,10.3,13.5,11.1,Alto
Small Cap,Growth,1471.2,No,0.87,23.6,13.8,10.8,Alto
Small Cap,Growth,402.0,No,1.00,16.3,14.4,9.8,Alto
Small Cap,Growth,96.1,No,1.55,14.6,10.7,9.8,Alto
Small Cap,Growth,462.6,No,1.05,16.5,13.6,10.4,Medio
Small Cap,Growth,1894.7,No,0.85,15.8,10.0,10.1,Alto
Small Cap,Growth,357.1,Si,1.65,6.5,13.2,13.2,Alto
Small Cap,Growth,1040.2,No,1.04,11.9,14.8,11.1,Alto
Small Cap,Growth,97.2,Si,1.19,8.5,11.9,12.6,Medio
Small Cap,Growth,109.9,No,1.88,21.0,17.5,10.4,Alto
Small Cap,Growth,251.3,No,1.13,20.9,17.2,12.4,Medio
Small Cap,Growth,193.7,No,1.00,22.4,15.6,11.6,Alto
Small Cap,Growth,432.3,No,1.30,15.3,13.9,10.9,Medio
Small Cap,Growth,748.6,No,1.10,11.9,12.2,10.1,Medio
Small Cap,Growth,2215.3,No,0.23,11.9,12.2,11.3,Alto
Small Cap,Growth,828.0,No,1.20,21.8,17.7,12.6,Medio
Small Cap,Growth,194.9,No,1.45,12.8,12.3,11.2,Alto
Small Cap,Growth,144.3,No,2.07,17.7,11.0,8.8,Alto
Small Cap,Growth,42.1,Si,1.40,5.3,11.0,7.8,Alto
Small Cap,Growth,1293.9,No,1.18,6.9,11.8,7.4,Alto
Small Cap,Growth,193.7,Si,1.15,18.7,11.5,9.1,Alto
Small Cap,Growth,167.5,Si,1.47,10.3,12.7,6.5,Alto
Small Cap,Growth,206.2,Si,1.20,16.7,13.1,8.9,Alto
Small Cap,Growth,679.6,No,0.96,10.8,10.4,6.5,Alto
Small Cap,Growth,87.7,No,1.33,7.1,6.8,6.2,Alto
Small Cap,Growth,176.7,No,1.22,5.1,5.1,6.6,Alto
Small Cap,Growth,925.2,No,1.48,12.8,8.2,7.8,Alto
Small Cap,Growth,646.4,No,0.84,10.9,9.2,8.5,Alto
Small Cap,Growth,204.4,Si,1.35,13.7,15.1,10.5,Alto
Small Cap,Growth,279.0,Si,1.30,17.7,11.8,9.7,Alto
Small Cap,Growth,2687.7,No,0.25,13.1,10.8,6.8,Alto
Small Cap,Growth,83.4,Si,1.50,15.2,10.0,7.3,Alto
Small Cap,Growth,89.6,Si,1.01,15.8,11.0,8.7,Alto
Small Cap,Growth,452.9,No,1.29,6.2,8.0,8.6,Alto
Small Cap,Growth,211.7,No,1.54,14.8,13.3,9.0,Alto
Small Cap,Growth,173.3,No,0.95,6.4,9.3,6.8,Alto
Small Cap,Growth,53.0,No,1.25,17.8,10.8,6.6,Alto
Small Cap,Growth,194.1,No,1.42,4.9,4.6,7.8,Alto
Small Cap,Growth,226.1,Si,1.40,6.7,11.6,8.9,Medio
Small Cap,Growth,491.8,Si,1.20,15.6,14.8,8.6,Alto
Small Cap,Growth,49.5,Si,2.01,4.5,9.0,7.9,Alto
Small Cap,Growth,101.6,No,1.50,8.0,11.0,6.3,Alto
Small Cap,Growth,242.4,Si,1.72,9.4,12.3,9.2,Alto
Small Cap,Growth,7024.8,No,0.84,7.4,12.3,9.2,Alto
Small Cap,Growth,284.3,No,1.25,13.4,10.3,7.5,Alto
Small Cap,Growth,287.2,No,1.03,8.6,8.7,8.7,Alto
Small Cap,Growth,208.4,Si,1.61,12.8,15.7,9.5,Alto
Small Cap,Growth,8660.5,No,0.51,9.7,10.9,8.2,Alto
Small Cap,Growth,609.1,Si,1.54,6.2,10.6,8.7,Alto
Small Cap,Growth,1269.1,No,1.18,8.2,8.8,6.3,Alto
Small Cap,Growth,146.4,Si,1.40,22.4,13.8,9.0,Alto
Small Cap,Growth,549.7,No,1.20,9.8,9.0,6.5,Alto
Small Cap,Growth,1104.8,Si,1.45,14.3,9.8,5.8,Alto
Small Cap,Growth,235.3,Si,1.68,10.6,9.7,5.9,Alto
Small Cap,Growth,246.7,No,1.50,10.8,7.9,4.6,Alto
Small Cap,Growth,155.6,No,1.38,10.3,8.2,4.1,Alto
Small Cap,Growth,215.0,Si,1.35,9.3,7.3,7.2,Alto
Small Cap,Growth,86.8,No,1.52,19.1,9.0,4.8,Alto
Small Cap,Growth,212.8,Si,1.24,12.1,9.5,5.3,Alto
Small Cap,Growth,384.7,No,1.08,9.4,9.5,5.9,Alto
Small Cap,Growth,664.6,Si,1.40,6.9,8.1,6.1,Alto
Small Cap,Growth,165.3,Si,1.40,12.6,8.4,6.7,Alto
Small Cap,Growth,563.3,Si,1.16,9.5,8.3,6.5,Alto
Small Cap,Growth,431.6,Si,1.15,12.4,10.7,6.6,Alto
Small Cap,Growth,487.4,Si,1.18,12.4,10.1,5.6,Alto
Small Cap,Growth,265.8,No,1.35,12.0,6.5,5.1,Alto
Small Cap,Growth,310.4,No,1.56,12.3,6.2,4.7,Alto
Small Cap,Growth,91.6,No,1.47,15.8,12.4,4.2,Alto
Small Cap,Growth,69.6,Si,1.52,14.9,5.0,5.3,Alto
Small Cap,Growth,53.9,Si,1.31,20.7,8.5,7.2,Alto
Small Cap,Growth,125.9,Si,1.58,5.4,7.8,5.2,Alto
Small Cap,Growth,111.5,No,1.00,11.9,7.1,4.9,Alto
Small Cap,Growth,205.6,Si,1.40,4.6,7.0,6.7,Alto
Small Cap,Growth,49.5,Si,2.01,20.4,9.4,5.5,Alto
Small Cap,Growth,70.0,No,0.26,13.3,12.3,5.1,Alto
Small Cap,Growth,90.8,No,1.25,3.4,8.0,5.1,Alto
Small Cap,Growth,1359.7,No,1.22,13.4,14.2,5.8,Alto
Small Cap,Growth,311.7,No,1.48,7.3,3.3,5.3,Alto
Small Cap,Growth,133.2,Si,0.96,9.6,4.9,3.9,Alto
Small Cap,Growth,49.3,Si,1.20,20.2,10.6,4.6,Alto
Small Cap,Growth,131.1,No,1.25,8.6,7.2,2.6,Alto
Small Cap,Growth,256.0,No,1.45,5.1,4.9,1.1,Alto
Small Cap,Growth,41.0,Si,1.76,17.0,9.1,2.7,Alto
Small Cap,Growth,48.6,Si,1.44,15.9,8.8,2.8,Alto
Small Cap,Growth,109.7,No,2.40,5.5,5.3,2.9,Alto
Small Cap,Growth,437.4,Si,1.47,12.8,8.0,2.4,Alto
Small Cap,Growth,48.7,No,1.63,8.0,13.1,1.4,Alto
Small Cap,Growth,551.9,Si,1.26,4.8,3.4,3.1,Alto
Small Cap,Growth,70.8,Si,1.63,6.8,5.6,4.0,Alto
Small Cap,Growth,42.0,Si,1.73,4.30,-0.3,1.3,Alto
Small Cap,Growth,748.0,Si,1.54,9.5,8.3,2.2,Alto
Small Cap,Growth,299.8,Si,1.55,4.6,8.8,4.8,Alto
Small Cap,Growth,306.7,No,1.20,9.3,3.9,3.5,Alto
Small Cap,Growth,359.1,No,1.42,-2.4,6.4,-0.5,Alto
Small Cap,Growth,83.9,Si,1.50,12.3,10.1,0.3,Alto
Small Cap,Growth,619.0,Si,1.42,6.8,9.3,1.6,Alto
Small Cap,Growth,143.1,Si,1.72,0.0,-1.5,-3.9,Alto
Small Cap,Growth,136.6,Si,1.62,-0.4,4.1,1.2,Alto
Small Cap,Growth,57.6,Si,1.77,11.6,14.4,1.3,Alto
Small Cap,Growth,158.8,No,1.43,7.9,5.1,-1.0,Alto
Small Cap,Growth,122.2,Si,1.68,9.0,6.1,1.9,Alto
Small Cap,Growth,223.6,Si,1.63,8.1,2.6,0.7,Alto
Small Cap,Growth,105.9,Si,1.51,6.6,2.8,-0.7,Alto
Small Cap,Value,1343.6,No,1.17,19.3,20.1,20.6,Alto
Small Cap,Value,2528.7,Si,1.48,11.2,18.0,22.4,Basso
Small Cap,Value,79.6,No,1.10,21.1,19.2,24.3,Alto
Small Cap,Value,392.0,No,1.41,17.8,11.6,13.8,Basso
Small Cap,Value,1862.1,Si,1.25,10.3,14.4,10.9,Basso
Small Cap,Value,1371.4,No,1.10,14.4,14.1,15.9,Medio
Small Cap,Value,1280.6,No,1.25,15.5,15.1,13.0,Medio
Small Cap,Value,2199.0,No,1.18,19.1,17.0,16.6,Basso
Small Cap,Value,195.2,No,1.30,27.8,13.6,15.2,Alto
Small Cap,Value,152.2,No,1.28,6.7,13.7,15.5,Medio
Small Cap,Value,972.6,No,0.88,16.2,12.9,12.9,Medio
Small Cap,Value,580.1,Si,1.28,19.3,15.5,14.9,Medio
Small Cap,Value,352.5,No,1.09,17.8,16.6,14.2,Medio
Small Cap,Value,491.3,Si,1.44,15.3,14.9,15.0,Medio
Small Cap,Value,438.7,Si,1.45,7.0,16.0,16.6,Medio
Small Cap,Value,361.1,Si,1.50,13.5,13.6,15.3,Medio
Small Cap,Value,1204.3,Si,1.27,23.8,19.4,16.7,Medio
Small Cap,Value,306.0,No,1.09,19.6,14.6,14.0,Medio
Small Cap,Value,1022.2,Si,1.31,21.4,17.2,16.2,Medio
Small Cap,Value,38763.8,No,0.87,17.8,16.1,15.6,Basso
Small Cap,Value,67.6,No,1.37,12.8,11.5,18.7,Medio
Small Cap,Value,357.1,No,1.00,18.0,14.8,13.2,Medio
Small Cap,Value,208.5,No,1.25,16.9,15.9,15.5,Medio
Small Cap,Value,67.6,No,1.37,12.8,11.5,18.7,Medio
Small Cap,Value,357.1,No,1.00,18.0,14.8,13.2,Medio
Small Cap,Value,208.5,No,1.25,16.9,15.9,15.5,Medio
Small Cap,Value,4557.4,Si,0.91,16.4,17.4,14.5,Basso
Small Cap,Value,493.2,Si,1.10,19.9,16.0,17.2,Basso
Small Cap,Value,465.9,Si,1.67,29.2,25.8,19.1,Medio
Small Cap,Value,1972.9,No,0.83,10.7,14.7,15.9,Medio
Small Cap,Value,1980.2,No,1.19,28.0,12.5,16.5,Medio
Small Cap,Value,242.2,No,1.25,13.6,10.4,14.8,Medio
Small Cap,Value,66.0,Si,1.57,16.0,13.1,15.7,Medio
Small Cap,Value,62.6,No,1.30,16.7,13.1,13.8,Medio
Small Cap,Value,519.7,No,1.04,2.8,13.5,18.6,Medio
Small Cap,Value,4042.4,No,0.25,23.2,16.2,15.1,Medio
Small Cap,Value,1998.9,No,0.25,19.3,15.8,13.1,Alto
Small Cap,Value,282.0,No,1.50,12.3,15.1,18.0,Medio
Small Cap,Value,617.4,No,1.00,19.0,15.0,13.6,Medio
Small Cap,Value,3377.3,Si,1.39,19.6,22.7,18.7,Medio
Small Cap,Value,240.7,No,1.66,28.4,19.1,14.4,Medio
Small Cap,Value,218.7,No,2.00,14.6,12.3,13.0,Medio
Small Cap,Value,606.5,No,0.99,15.0,17.1,13.8,Medio
Small Cap,Value,3435.2,No,0.93,22.3,15.9,16.6,Basso
Small Cap,Value,2365.5,Si,1.31,20.4,18.6,16.5,Medio
Small Cap,Value,881.8,No,1.16,13.1,16.5,18.6,Basso
Small Cap,Value,502.1,Si,1.34,10.5,14.1,15.6,Medio
Small Cap,Value,240.8,No,0.99,19.8,17.2,19.5,Basso
Small Cap,Value,1915.9,No,1.02,7.3,14.0,13.6,Basso
Small Cap,Value,648.7,No,1.00,20.3,16.8,16.2,Medio
Small Cap,Value,57.4,Si,3.36,35.0,26.1,20.0,Alto
Small Cap,Value,230.7,No,1.37,17.8,16.4,17.6,Medio
Small Cap,Value,40.3,Si,1.75,16.6,15.6,14.8,Medio
Small Cap,Value,320.5,No,1.77,15.7,13.2,13.2,Medio
Small Cap,Value,685.6,No,1.48,22.3,16.4,14.8,Alto
Small Cap,Value,1803.1,No,1.14,18.8,13.5,16.0,Alto
Small Cap,Value,2842.0,No,0.90,14.8,15.8,14.6,Medio
Small Cap,Value,3640.8,No,1.13,8.8,16.1,14.9,Medio
Small Cap,Value,453.9,No,1.14,14.0,8.7,13.6,Basso
Small Cap,Value,4396.0,No,1.12,14.5,13.4,13.3,Basso
Small Cap,Value,440.2,No,1.28,16.6,21.5,16.2,Alto
Small Cap,Value,630.6,No,1.36,14.9,19.0,16.9,Medio
Small Cap,Value,591.2,No,1.37,18.7,15.4,14.9,Medio
Small Cap,Value,108.5,Si,1.28,17.3,15.8,15.4,Medio
Small Cap,Value,711.9,No,1.28,13.6,16.6,16.7,Medio
Small Cap,Value,95.8,No,0.26,18.9,14.4,15.6,Medio
Small Cap,Value,5502.3,No,0.84,16.2,16.7,16.3,Basso
Small Cap,Value,49.9,Si,1.24,14.2,16.3,14.8,Alto
Small Cap,Value,302.6,No,1.08,16.3,11.6,15.1,Basso
Small Cap,Value,292.4,No,1.09,21.7,17.4,16.3,Medio
Small Cap,Value,2446.0,No,1.13,11.4,14.5,13.2,Basso
Small Cap,Value,101.8,No,1.40,16.4,14.6,15.5,Alto
Small Cap,Value,4242.8,No,0.23,19.2,16.0,13.0,Medio
Small Cap,Value,97.2,No,1.45,21.3,16.8,14.4,Basso
Small Cap,Value,687.8,No,1.68,13.5,13.1,13.3,Alto
Small Cap,Value,2666.1,No,1.34,13.0,16.0,16.9,Medio
Small Cap,Value,502.3,No,1.20,13.3,10.8,11.1,Medio
Small Cap,Value,4217.6,No,1.07,10.3,10.7,10.5,Basso
Small Cap,Value,271.4,Si,1.63,22.3,14.3,12.7,Medio
Small Cap,Value,49.2,Si,1.45,13.5,10.1,11.9,Medio
Small Cap,Value,275.4,Si,1.38,11.8,13.8,11.3,Medio
Small Cap,Value,577.5,No,0.89,14.8,14.5,12.9,Alto
Small Cap,Value,144.1,No,1.17,15.6,11.6,12.5,Alto
Small Cap,Value,320.3,No,1.18,12.4,12.6,12.1,Medio
Small Cap,Value,46.9,No,1.36,16.7,10.4,10.2,Medio
Small Cap,Value,482.1,No,1.21,17.1,15.1,12.2,Basso
Small Cap,Value,738.4,Si,1.29,16.8,16.7,13.7,Medio
Small Cap,Value,238.4,No,0.92,15.7,13.6,11.9,Medio
Small Cap,Value,1073.4,Si,1.47,17.3,12.9,13.8,Medio
Small Cap,Value,101.4,No,1.00,22.1,14.7,12.1,Alto
Small Cap,Value,49.7,No,1.95,23.7,15.3,12.3,Alto
Small Cap,Value,102.4,Si,1.80,16.1,11.6,11.2,Alto
Small Cap,Value,1104.9,No,0.99,12.4,11.7,10.0,Medio
Small Cap,Value,672.0,Si,1.17,15.1,16.3,11.4,Alto
Small Cap,Value,42.1,No,1.22,23.3,11.5,10.1,Medio
Small Cap,Value,275.4,Si,1.12,11.4,12.8,12.9,Medio
Small Cap,Value,471.6,No,0.89,18.4,15.2,12.3,Medio
Small Cap,Value,314.8,Si,1.28,25.6,16.7,12.7,Medio
Small Cap,Value,86.0,Si,1.15,10.6,15.6,13.9,Medio
Small Cap,Value,139.8,Si,1.40,13.4,14.3,11.4,Alto
Small Cap,Value,590.4,Si,1.48,14.5,15.7,13.2,Medio
Small Cap,Value,519.2,Si,1.25,17.3,16.3,14.0,Medio
Small Cap,Value,683.2,Si,1.49,16.8,13.9,12.0,Medio
Small Cap,Value,92.4,No,1.43,22.6,17.1,12.4,Alto
Small Cap,Value,4058.7,No,1.49,19.0,14.0,12.3,Alto
Small Cap,Value,181.4,Si,1.78,21.4,12.4,11.8,Alto
Small Cap,Value,235.2,Si,1.68,13.0,11.2,11.1,Alto
Small Cap,Value,92.3,No,1.57,11.2,9.9,10.6,Alto
Small Cap,Value,82.8,Si,1.04,21.5,18.6,14.0,Medio
Small Cap,Value,262.0,No,1.23,15.8,12.8,10.6,Alto
Small Cap,Value,434.5,No,1.16,10.9,10.5,9.5,Medio
Small Cap,Value,167.0,Si,1.38,26.2,16.5,13.5,Medio
Small Cap,Value,93.8,No,1.34,21.8,11.1,11.3,Alto
Small Cap,Value,1205.2,Si,1.44,12.8,10.1,9.9,Alto
Small Cap,Value,630.1,No,2.03,11.2,11.1,8.0,Alto
Small Cap,Value,142.1,No,1.19,5.0,8.3,6.8,Alto
Small Cap,Value,62.9,Si,1.21,13.0,12.4,8.6,Medio
Small Cap,Value,53.4,Si,1.47,11.5,9.0,9.1,Medio
Small Cap,Value,51.3,No,1.39,7.1,0.8,7.4,Alto
Small Cap,Value,449.9,No,0.90,12.8,6.3,4.7,Alto
Small Cap,Value,45.7,No,1.44,16.7,11.2,5.4,Alto
Small Cap,Value,74.5,Si,1.40,14.4,7.3,4.9,Alto
